Barcode,Day
caagtcacggaccaggag.day0,day0
ctaggtattagtttaaga.day0,day0
ccgtaagctgaggaaggg.day0,day0
cctctagcgaattctagc.day0,day0
ctcaattccaagatgaag.day0,day0
caagtcaggttagaaggg.day0,day0
ccgtaatccaagaccttc.day0,day0
cagactgaagggtcagtg.day0,day0
acaaggcgttatcagact.day0,day0
caccacctattagtcggc.day0,day0
tggcaggtcctacaagtc.day0,day0
cactgtaaagaatagagg.day0,day0
agtctgtatttcggccat.day0,day0
ctgtgggctgagtccaag.day0,day0
cactgtgggatcagtctg.day0,day0
cgttataattgggctgag.day0,day0
ctcaattcagtgtctagc.day0,day0
cgttatcttgaagaaata.day0,day0
tcgcctgaggccggtagg.day0,day0
cgagcactgtggaccttc.day0,day0
caccacattagtagatgt.day0,day0
ggccatgactcgctaggt.day0,day0
catagacctctatgctaa.day0,day0
tctagcgcgcggggtgct.day0,day0
acaaggacggaccaaccg.day0,day0
ctaggtccgtaaaagcca.day0,day0
atgaaggcttgtagcacg.day0,day0
ttgctcttcttgtggcag.day0,day0
cgcataacccaagtttca.day0,day0
atgaagctaggtatccgg.day0,day0
ccgatggctgagtgctaa.day0,day0
gccgttttcttgccgtaa.day0,day0
cggtccgctgagcggcgt.day0,day0
ttgctccggcgtcgttat.day0,day0
acccaattgctcagcacg.day0,day0
ggtgctaagccaggattg.day0,day0
gccgttgtttcatagagg.day0,day0
atgaaggccgttgctccc.day0,day0
tgagacatataccttacg.day0,day0
acccaacgttatctatta.day0,day0
acccaacactgtgttaac.day0,day0
ggattgaagccacttgaa.day0,day0
ggccatgcttgtacggac.day0,day0
tttggggcttgtctcaat.day0,day0
gcgaattgtgtaattagt.day0,day0
atacttgtacaggagtga.day0,day0
caaccgcggcgtcgagca.day0,day0
gctccctccaagtcagtg.day0,day0
tcagtggcttgtgaaggg.day0,day0
cactgtcatagagaaggg.day0,day0
taagctttcgcaaattgg.day0,day0
tgagacttcgcaatgaag.day0,day0
atgaaggaaggggtcggc.day0,day0
attagtgaaataaagcca.day0,day0
aacagctgctaatgaatt.day0,day0
ccgtaaatagcgccgatg.day0,day0
accttcgtttcagcgcgg.day0,day0
cagacttggcagtgaatt.day0,day0
cgaaaggaagggtcatca.day0,day0
caagtcccgtaacgttat.day0,day0
tgctaagagtgaagtctg.day0,day0
aacagcccgtaaggccat.day0,day0
ctaggtaggttaactgca.day0,day0
agtaaacagactcgagca.day0,day0
aacgtgtagaggtgagac.day0,day0
agtaaagcgcggggccat.day0,day0
cggtccctattagagctt.day0,day0
gcttgtcttgaattcttg.day0,day0
ttgctcccgatgttcttg.day0,day0
ttcttgcatagaccgatg.day0,day0
aagtattcatcagcgcgg.day0,day0
gaggccaccttcttcttg.day0,day0
ctgtggtgagactcggga.day0,day0
caaccggaggcccgcata.day0,day0
ggccatcttgaatatttc.day0,day0
agtaaatgagaccggcgt.day0,day0
agatgtcgaaagttcgca.day0,day0
aagccaaagccacttacg.day0,day0
ttcttggtggtgcgagca.day0,day0
gaaatatcgcctttcttg.day0,day0
tgaattggtagggaaata.day0,day0
caggagtcgcctatactt.day0,day0
ccacgcatgaagcaaccg.day0,day0
gcgcggtaatagtcagtg.day0,day0
atgaagagtctgtcggga.day0,day0
cttgaaatagcgaattgg.day0,day0
gagtgatctagccataga.day0,day0
ggacgatccaagggccat.day0,day0
agcacggaggccactgca.day0,day0
ttgctcgaaatagcgaat.day0,day0
agtaaactgtggggccat.day0,day0
ggtgctcttacggaggcc.day0,day0
cttgaacctctaggacga.day0,day0
caccacaacgtgttggat.day0,day0
ttcgcacgcatacagact.day0,day0
ggtaggtgaattactgca.day0,day0
caaccggttaacgactcg.day0,day0
gttaacattagtagtaaa.day0,day0
ccgatgcggcgtaagcca.day0,day0
ttaagacttgaagccgtt.day0,day0
ggtgctattagtatactt.day0,day0
agatgtaattggtccaag.day0,day0
aagccaaagtatttggat.day0,day0
gactcgtcgccttatttc.day0,day0
cgttatcatagaagcacg.day0,day0
cgaaagctcaatcgaaag.day0,day0
accttcagatgtggtgct.day0,day0
acggacctcaataagtat.day0,day0
aaagaagccgttccgtaa.day0,day0
cggcgtacaaggtctagc.day0,day0
acaaggcactgtaggtta.day0,day0
gtcctagctgaggccgtt.day0,day0
cagactactgcacactgt.day0,day0
ggtgctcttgaacataga.day0,day0
agtaaatggcagtgaatt.day0,day0
ctgtggctattaatagcg.day0,day0
ctcaattctagcggccat.day0,day0
aattgggaaatatctagc.day0,day0
gtggtgcatagatgctaa.day0,day0
cagactctaggtcgttat.day0,day0
gttaactagaggtcgcct.day0,day0
tcgccttcgccttatttc.day0,day0
catagaagtaaaccacgc.day0,day0
tgaattaaagaactcaat.day0,day0
gtttcaaagtatccgatg.day0,day0
tggcaggagcttcaccac.day0,day0
gatcaatcatcacactgt.day0,day0
gagctttttgggttgctc.day0,day0
taatagatagcgctaggt.day0,day0
atccggtaatagtgagac.day0,day0
tccaagttcgcaaccttc.day0,day0
ccgatgtggcagaaagaa.day0,day0
agtctgtgcggtgtcggc.day0,day0
ttggataacgtgatgaag.day0,day0
ttaagattcttgacccaa.day0,day0
ttcttggtggtgcggtcc.day0,day0
ctcaatttaagaaagtat.day0,day0
gtggtggactcgaacagc.day0,day0
tcatcatgctaaacggac.day0,day0
cagactatagcgctcaat.day0,day0
agcacgtaccgaatagcg.day0,day0
gtacagagtaaagagtga.day0,day0
taataggatcaaaagcca.day0,day0
gaggccgtcggccgagca.day0,day0
atagcgttaagagcttgt.day0,day0
gccagacaagtcgaaggg.day0,day0
gatcaagctgaggtacag.day0,day0
tagaggcaaccgacaagg.day0,day0
taccgataagcttgtgta.day0,day0
ctcaatacggaccttacg.day0,day0
cgagcaatatacctaggt.day0,day0
gactcgcttacgcaaccg.day0,day0
taagctgtcctagttaac.day0,day0
atacttccgtaaatagcg.day0,day0
agacccccgtaagaaata.day0,day0
cgcatatggcagtcggga.day0,day0
gcttgtgtttcattggat.day0,day0
ctgtgggcgcggctgtgg.day0,day0
gcgcggtgctaagtccta.day0,day0
caggagttcgcatcgcct.day0,day0
cgagcagccagacaccac.day0,day0
gtcggcggtagggcgcgg.day0,day0
agacccactgcacgaaag.day0,day0
acggacggtaggacccaa.day0,day0
aagccagcttgtggattg.day0,day0
gactcgagcacggatcaa.day0,day0
tgctaaagatgttggcag.day0,day0
gctcccggattggagctt.day0,day0
tatttctaccgaaacagc.day0,day0
gtttcagctcccagtaaa.day0,day0
tccaagatgaaggaggcc.day0,day0
accttccaggagacccaa.day0,day0
ctgtggttggatgtacag.day0,day0
agcacgttggatatactt.day0,day0
agatgttgtgtatcggga.day0,day0
aaagaatcgggacataga.day0,day0
gtcctacgcatatcagtg.day0,day0
aggttaactgcagccaga.day0,day0
tcatcacaaccggtggtg.day0,day0
gtggtgtaatagcgaaag.day0,day0
ccacgctagagggatcaa.day0,day0
aacagcgcgcgggttaac.day0,day0
gttaacgtttcagtggtg.day0,day0
tccaagcggcgtgcgaat.day0,day0
tcgcctcaaccgcaccac.day0,day0
agcacgttcttgaggtta.day0,day0
ccgtaacactgtgaaggg.day0,day0
ggtaggcgttatcagact.day0,day0
caggagtcagtggcgaat.day0,day0
accttcaagccatagagg.day0,day0
tcatcaatagcgcctcta.day0,day0
tcgcctctaggtccacgc.day0,day0
tcatcatccaagttgctc.day0,day0
caggagccgtaaccacgc.day0,day0
ctcaatgctccccaccac.day0,day0
gccgtttcgggaagaccc.day0,day0
gttaaccgcatatttggg.day0,day0
ggtgcttccaagcggtcc.day0,day0
atatactagaggaacgtg.day1,day1
cttacgaacgtgtaatag.day1,day1
ccacgcatccggtatttc.day1,day1
aacgtgcactgtcgttat.day1,day1
gatcaaggtaggttgctc.day1,day1
gcttgtcaggagagatgt.day1,day1
ctgtgggggatcttaaga.day1,day1
tttgggatataccttgaa.day1,day1
caagtcttggattcagtg.day1,day1
ccgatgcaggagcttacg.day1,day1
acccaagcttgtcaaccg.day1,day1
tgctaatttgggcaaccg.day1,day1
ccgtaagaggccgactcg.day1,day1
cgcatattggatcgttat.day1,day1
accttcaacagccttacg.day1,day1
gcgaatctgtggatagcg.day1,day1
ccacgctggcagatagcg.day1,day1
cgcataagatgttctagc.day1,day1
acaaggagatgtatatac.day1,day1
aacagccggtccgagctt.day1,day1
ggccatccacgctggcag.day1,day1
cttgaaaattggtagagg.day1,day1
ggacgaattagttgcggt.day1,day1
gcgcggtaagctggccat.day1,day1
caaccgaagccacctcta.day1,day1
gaaatagggatcggtgct.day1,day1
ctaggtatccggaagcca.day1,day1
cactgttcgggattcgca.day1,day1
acccaacggtccgtccta.day1,day1
catagaggattggtttca.day1,day1
ccacgctaataggaggcc.day1,day1
aattggatacttcttacg.day1,day1
cactgtttcgcaaagtat.day1,day1
atatacttaagaatccgg.day1,day1
aaagaaaacagcaggtta.day1,day1
ccgtaagtttcacaagtc.day1,day1
ccgatgatatacaagcca.day1,day1
gactcgctgtggactgca.day1,day1
tctagccgagcatgttcg.day1,day1
cgaaagggccatcttacg.day1,day1
gagtgacagacttgaatt.day1,day1
ctattaccgatgcaagtc.day1,day1
ggacgatcgggatggcag.day1,day1
tcgggagggatcaggtta.day1,day1
ctattaacggacgccaga.day1,day1
agtctgggacgaggacga.day1,day1
cttgaatatttcgagtga.day1,day1
catagaaaagaatagagg.day1,day1
caagtctcatcagcttgt.day1,day1
cgaaagaacagcaggtta.day1,day1
cgagcatgaattcactgt.day1,day1
cggcgtaagccatcggga.day1,day1
cgaaagttggatccgatg.day1,day1
ggccatcaccaccagact.day1,day1
gtcggcgtcctatccaag.day1,day1
tctagcagatgtaaagaa.day1,day1
atatacagtaaacactgt.day1,day1
gatcaaaaagaactgtgg.day1,day1
gcttgtaaagaagtggtg.day1,day1
gccgttacaaggtccaag.day1,day1
ccgtaatgcggtgctgag.day1,day1
ttaagacactgtgcgaat.day1,day1
tggcagagatgtatatac.day1,day1
ctaggtgcgaattgcggt.day1,day1
agtctgggattggcgcgg.day1,day1
ctcaattaccgaggtagg.day1,day1
tgtgtatgagacctgtgg.day1,day1
agcacgggattgacaagg.day1,day1
gaggccctgtggcttacg.day1,day1
gaggcccatagacggtcc.day1,day1
cactgtgaagggtgctaa.day1,day1
tcgggataccgatcggga.day1,day1
taagctggacgatgcggt.day1,day1
atagcgggtaggagcacg.day1,day1
accttctggcagtaagct.day1,day1
caggagcactgtcggtcc.day1,day1
ccgtaatgagactcagtg.day1,day1
atgaagtcatcattcgca.day1,day1
gatcaacaccactgcggt.day1,day1
tggcagcggtccccacgc.day1,day1
tagagggtcctatgaatt.day1,day1
gccagaacccaaatccgg.day1,day1
gccgttcgagcaagatgt.day1,day1
attagtcaagtcagtaaa.day1,day1
caaccgtcatcataccga.day1,day1
cactgtcgttatgtacag.day1,day1
cgcatattcgcaacggac.day1,day1
tcagtgtcgcctcttacg.day1,day1
cggtcctcatcaggccat.day1,day1
cagactggtgcttatttc.day1,day1
tgtgtatagaggacaagg.day1,day1
caaccgaagtatgcgcgg.day1,day1
aattggacggacagcacg.day1,day1
agatgtcaagtcttcgca.day1,day1
tccaagagtctgccgatg.day1,day1
gaggccgcgcggtatttc.day1,day1
aacgtgaggttacttacg.day1,day1
ctcaatatatactaagct.day1,day1
ggacgatgttcgggtgct.day1,day1
gtcctagtggtgtttggg.day1,day1
caaccgcgcataaacgtg.day1,day1
gtggtgcgcataaggtta.day1,day1
acccaacaaccggactcg.day1,day1
ttgctcaattggaagcca.day1,day1
atccggtgagacggtgct.day1,day1
attagtgctccctcgcct.day1,day1
atacttcatagattgctc.day1,day1
cactgtagcacggccgtt.day1,day1
taagctggattgcttacg.day1,day1
agtaaagtttcagtacag.day1,day1
aacgtgaacagcgtcggc.day1,day1
ggtaggatgaagttggat.day1,day1
cgaaagccgtaagcgcgg.day1,day1
taatagtgtgtattaaga.day1,day1
accttcagtctgatagcg.day1,day1
tgtgtactcaatttggat.day1,day1
gctgaggcttgtcaccac.day1,day1
cgagcaccgatggtggtg.day1,day1
cttacggggatctggcag.day1,day1
taatagtcagtgtgaatt.day1,day1
actgcaagatgtatatac.day1,day1
ccacgctcatcaaccttc.day1,day1
agtaaaaggttagactcg.day1,day1
gcgaatagtaaaacaagg.day1,day1
ccgatgaggttaggattg.day1,day1
actgcaaattggtcgcct.day1,day1
cgttatatccggatccgg.day1,day1
gccgttgccgttgaaata.day1,day1
aagtatccacgctaccga.day1,day1
gctgagagcacggccaga.day1,day1
gagcttggacgagtacag.day1,day1
tcgggacggcgtgcgaat.day1,day1
ctattaacaaggtcagtg.day1,day1
acaaggggtgctgtccta.day1,day1
gaaggggtggtggggatc.day1,day1
aacgtgggtgctgactcg.day1,day1
caccactcgcctgcgaat.day1,day1
atacttcgttatagaccc.day1,day1
tagaggtcagtggccgtt.day1,day1
tctagcccgatgtttggg.day1,day1
tgagacttgctctctagc.day1,day1
tcgcctctaggtcggtcc.day1,day1
atacttgccagactatta.day1,day1
tatttccgagcagaaggg.day1,day1
aagccaagtctgtatttc.day1,day1
caaccgttggataagcca.day1,day1
cgaaagccgatgtcatca.day1,day1
gccgtttgaattagtaaa.day1,day1
gaaataggattggagtga.day1,day1
agtctggctgaggttaac.day1,day1
tccaagtgcggtttgctc.day1,day1
tgctaagctgaggctccc.day1,day1
gcgaataccttcgtcggc.day1,day1
gaggcctggcagttcttg.day1,day1
caagtcctcaatctatta.day1,day1
agatgtcaccacggtgct.day1,day1
tgctaatgagactctagc.day1,day1
gatcaatcgggagttaac.day1,day1
ccgtaactcaatgggatc.day1,day1
agtaaacgaaagaacagc.day1,day1
tgctaagtcggcaacgtg.day1,day1
ggccattcagtgtttggg.day1,day1
agtaaagttaacgccgtt.day1,day1
ttgctcgtttcaaagcca.day1,day1
atatactcatcaggtagg.day1,day1
ttcttgggacgaaagtat.day1,day1
atccggctgtggcgcata.day1,day1
gtcggcattagtgctccc.day1,day1
caaccgggccatagaccc.day1,day1
cctctacgcatacagact.day1,day1
ccgtaatcgccttgttcg.day1,day1
taagctttaagataatag.day1,day1
gctgagcggcgtacggac.day1,day1
tagagggtggtgccacgc.day1,day1
aattggcggtccggattg.day1,day1
cagactatatactggcag.day1,day1
ttggatggtgctgccaga.day1,day1
tctagcaaagaatctagc.day1,day1
agacccggccatctgtgg.day1,day1
gctcccagtctgccacgc.day1,day1
aacagcgcttgtatatac.day1,day1
cttacgggtagggcgaat.day1,day1
caaccgctgtggaacagc.day1,day1
agcacgaccttctttggg.day1,day1
atccggaaagaataatag.day1,day1
ttaagacttacggttaac.day1,day1
tagaggaacgtgtgcggt.day1,day1
caccaccgttataagcca.day1,day1
cttgaatggcagagtaaa.day1,day1
ctcaatgaaatacgttat.day1,day1
ggccatcttgaatgcggt.day1,day1
gatcaactaggttagagg.day1,day1
aacagcttcgcagccgtt.day1,day1
tgttcggagtgatgaatt.day1,day1
ggtgctaaagaatctagc.day1,day1
tcatcaccgtaacaaccg.day1,day1
gtcctagggatcaggtta.day1,day1
acccaacaggagctcaat.day1,day1
taccgagaagggcggcgt.day1,day1
cgttatcttacggtggtg.day1,day1
atagcgactgcattcttg.day1,day1
caaccgtaagcttgttcg.day1,day1
ggtgctgcgcggaccttc.day1,day1
ttcttgagatgtcaccac.day1,day1
gcgaatctattagccaga.day1,day1
tcatcagagcttctgtgg.day1,day1
cggtccgcgaattatttc.day1,day1
ccgtaacttacgtcggga.day1,day1
ttcttgaacagcggattg.day1,day1
tgtgtacagactaaagaa.day1,day1
tttgggttcgcagtggtg.day1,day1
gatcaaattagtgtttca.day1,day1
agtaaacgcatattcgca.day1,day1
gcgcggcctctagcttgt.day1,day1
tatttcattagtcaggag.day1,day1
ggtgctgagcttaacgtg.day1,day1
cgaaagcggcgtgctccc.day1,day1
ttgctcaagtattttggg.day1,day1
ctgtggtaatagatatac.day1,day1
tgttcgaaagaactcaat.day1,day1
acaaggagatgtcggtcc.day1,day1
cgaaagctaggtgagctt.day1,day1
aagccagtacagtgagac.day1,day1
gttaacacaaggcagact.day1,day1
aattggcgaaaggctccc.day1,day1
aacgtggagtgaggacga.day1,day1
cttacgtgcggtatgaag.day1,day1
gtcggccgaaagggccat.day1,day1
gatcaatcgggagtcggc.day1,day1
catagaaaagaagagtga.day1,day1
taccgaaaagaacgttat.day1,day1
taatagatccgggcgcgg.day1,day1
agcacgcggcgtcctcta.day1,day1
ggtgctatatactcggga.day1,day1
aacagcgttaacgaaggg.day1,day1
ttcttggctgagacggac.day1,day1
tagaggatagcgaacgtg.day1,day1
aagccacctctatagagg.day1,day1
tcatcaatgaaggttaac.day1,day1
tcgcctcggtccgtggtg.day1,day1
tccaagggccatggacga.day1,day1
tgttcggcgcggactgca.day1,day1
aggttaattagtccgatg.day1,day1
tgtgtagatcaacttacg.day1,day1
tgaattagacccctatta.day1,day1
agcacggttaacgtttca.day1,day1
acaaggatccgggaaggg.day1,day1
gctcccggccatgagtga.day1,day1
cgagcatttggggtacag.day1,day1
catagagctgagcgaaag.day1,day1
agatgtattagtagaccc.day1,day1
ctcaatcgttatttgctc.day1,day1
gtcctaatatacatactt.day1,day1
tgttcgcagacttgttcg.day1,day1
agaccccaagtcgtcggc.day1,day1
taagcttggcagcggcgt.day1,day1
aacagcacccaagctccc.day1,day1
cttacgatccggcgcata.day1,day1
actgcatcgcctcgttat.day1,day1
agtctgagaccccggtcc.day1,day1
gttaacttcgcaccacgc.day1,day1
ttgctcatccggtgttcg.day1,day1
caccacggccattaatag.day1,day1
tccaagaattgggaaggg.day1,day1
tatttccaccaccgaaag.day1,day1
gtcctacgagcacactgt.day1,day1
tatttccttacgccgatg.day1,day1
caccacgggatcatagcg.day1,day1
taatagaagtatcgaaag.day1,day1
ttcttggatcaagagtga.day1,day1
gtggtgctaggtgccgtt.day1,day1
ctgtggtgcggtattagt.day1,day1
gtggtggttaactaatag.day1,day1
acggactgagactggcag.day1,day1
ctattataagctcggcgt.day1,day1
acccaagaaggggtggtg.day1,day1
ttcttgactgcacagact.day1,day1
gtacagtttgggttgctc.day1,day1
ggtaggagatgtatatac.day1,day1
ctaggtacaagggccaga.day1,day1
atagcgccgatgacggac.day2,day2
atgaagtgttcgagtaaa.day2,day2
tcgcctccgtaatgttcg.day2,day2
gccagaagacccttgctc.day2,day2
gtcggcttcttgtttggg.day2,day2
gtcggctatttctcggga.day2,day2
tcgcctaacagcttaaga.day2,day2
gcgaatacggacgaaggg.day2,day2
ccacgcaggttaacaagg.day2,day2
ccgtaaagcacgttcgca.day2,day2
cgcataccgatgacaagg.day2,day2
ggacgatgttcgttcttg.day2,day2
gggatccggcgtgaaata.day2,day2
gggatcaccttcattagt.day2,day2
gaaataaagtatctgtgg.day2,day2
ggtgctgctgagtccaag.day2,day2
caagtccctctaccgtaa.day2,day2
attagttaagctaagtat.day2,day2
atccggttaagaagcacg.day2,day2
ttcgcagcttgtcataga.day2,day2
gtcggccaccacatagcg.day2,day2
ctaggtaacgtgcggcgt.day2,day2
acccaaatacttacggac.day2,day2
cgcatagtcggcttaaga.day2,day2
gagtgagcgaatggattg.day2,day2
gagctttgaattagaccc.day2,day2
ttgctcctattaggacga.day2,day2
gtcggcaaagaatcgcct.day2,day2
gcgcggatacttagatgt.day2,day2
catagagctgagtgttcg.day2,day2
aagccatcagtgtcggga.day2,day2
atgaaggtggtgcgcata.day2,day2
ttggattcatcatttggg.day2,day2
gtcctacgcataaattgg.day2,day2
gagcttggacgagtttca.day2,day2
gtacagaattggtcagtg.day2,day2
ctgtggatccgggatcaa.day2,day2
tgctaattcttgatccgg.day2,day2
cactgttagaggtaagct.day2,day2
aaagaaggccataccttc.day2,day2
ggccatcctctacggtcc.day2,day2
caagtctagaggatgaag.day2,day2
cagactggattgttcttg.day2,day2
ccacgcattagtactgca.day2,day2
tgctaagccagagggatc.day2,day2
catagagctgagtccaag.day2,day2
caaccggcgcggcactgt.day2,day2
cactgtgtcggcttaaga.day2,day2
tccaagcgcatagccgtt.day2,day2
tgtgtaacggactgtgta.day2,day2
cggtccggacgagactcg.day2,day2
atacttcttacggagtga.day2,day2
attagtcagactatagcg.day2,day2
cgcatatatttcgaggcc.day2,day2
tccaagcggcgtattagt.day2,day2
gtcctaaagtataaagaa.day2,day2
tctagctgagacgagctt.day2,day2
accttcccgatgtaccga.day2,day2
tgcggtgtcctaagtaaa.day2,day2
atagcggtttcagccaga.day2,day2
cctctagactcgccacgc.day2,day2
gtacagtcatcatatttc.day2,day2
ccacgcttgctcgcgaat.day2,day2
ctattactcaatatgaag.day2,day2
atacttcaggagatagcg.day2,day2
gcttgtccacgctgctaa.day2,day2
tgtgtaaagccaatccgg.day2,day2
atagcggccagaatccgg.day2,day2
taagctgcgaattcagtg.day2,day2
cttacgaacagccactgt.day2,day2
cgaaagatgaagcgttat.day2,day2
gcgaattgaatttgctaa.day2,day2
caagtcttaagacaccac.day2,day2
gccgttggtaggaagtat.day2,day2
gtcctaagatgtatactt.day2,day2
ccgatggtcctagagctt.day2,day2
gggatcggacgaagatgt.day2,day2
tgttcgaccttcacggac.day2,day2
gttaactgtgtaaacagc.day2,day2
gctcccagtaaaatactt.day2,day2
cctctattcgcaaagcca.day2,day2
tggcagcatagaactgca.day2,day2
gtggtgacccaagtccta.day2,day2
taatagctgtggcaagtc.day2,day2
tggcagctaggtcgcata.day2,day2
tagagggaagggtccaag.day2,day2
gtcctatgctaaagatgt.day2,day2
tgttcgcatagagctccc.day2,day2
gtggtggccagaattagt.day2,day2
gtcggcgttaacgccaga.day2,day2
gccgttaacgtgttcttg.day2,day2
gccgttacggaccggtcc.day2,day2
tcatcacggtcctaatag.day2,day2
tagaggcggtcccgcata.day2,day2
ggattgaaagaacaagtc.day2,day2
cgcatagccagacttacg.day2,day2
ccacgcctcaataagtat.day2,day2
gctgagtgtgtacgttat.day2,day2
accttcgaggccatactt.day2,day2
gaggccgcgaatgtccta.day2,day2
ttaagattcttgcaccac.day2,day2
ttcgcaaagccatatttc.day2,day2
gaaatactaggttggcag.day2,day2
caagtctaataggagtga.day2,day2
cgaaagtggcagtcatca.day2,day2
ccgatgttggatttgctc.day2,day2
tatttcccacgccagact.day2,day2
cggcgtccgatggctccc.day2,day2
cgcataacggaccgaaag.day2,day2
cctctaccacgcgcgcgg.day2,day2
caccacttcgcatcatca.day2,day2
atagcggctgagatatac.day2,day2
actgcaagacccttggat.day2,day2
cggcgtcactgtaagcca.day2,day2
gtacagctgtggttcttg.day2,day2
gtttcaatatacgagtga.day2,day2
atatactcgggactaggt.day2,day2
ttgctcgagctttcagtg.day2,day2
tagaggtaagctaagcca.day2,day2
tccaaggtcggcaacagc.day2,day2
gtttcaatccggggccat.day2,day2
tcagtgcggtccagtaaa.day2,day2
gttaacgagtgagtggtg.day2,day2
ccgtaagagtgattcttg.day2,day2
atccggtgctaatgttcg.day2,day2
aagtatgtttcagtcggc.day2,day2
gctcccaacagcccacgc.day2,day2
taatagtttgggaagcca.day2,day2
aagtatgaggcctcagtg.day2,day2
ggtaggaattggttggat.day2,day2
agcacgacggacaccttc.day2,day2
accttcccgatgggtagg.day2,day2
ggattggtcctacgaaag.day2,day2
atgaagaacgtgaaagaa.day2,day2
ggccatcaagtctaatag.day2,day2
acggacgaggcctccaag.day2,day2
attagttgtgtaaccttc.day2,day2
ggattgcgcataggacga.day2,day2
ctgtggaccttcctatta.day2,day2
gggatccatagatgaatt.day2,day2
ctattaacaaggggtgct.day2,day2
caccacatataccgagca.day2,day2
tcatcacctctatagagg.day2,day2
agacccctattaccgatg.day2,day2
cggtccgctcccaccttc.day2,day2
taagctgtggtgctgtgg.day2,day2
ctcaatgaaggggaaggg.day2,day2
ttcttgggacgacttacg.day2,day2
cactgttcatcaagatgt.day2,day2
taatagcttgaacgcata.day2,day2
caccacaacgtgtttggg.day2,day2
accttcaacgtgagtaaa.day2,day2
attagtcaagtccaccac.day2,day2
ttaagattaagatcggga.day2,day2
acccaacaggagaacagc.day2,day2
taagctgcttgtatccgg.day2,day2
aggttaagtaaaggtgct.day2,day2
atgaaggccgttacaagg.day2,day2
atacttctattaagtctg.day2,day2
cgagcagaagggggtgct.day2,day2
aggttagcgcggaagcca.day2,day2
cgttattaagctctatta.day2,day2
agcacgtgcggttggcag.day2,day2
cgcatatcgggacagact.day2,day2
aacgtgagaccccactgt.day2,day2
atagcgagatgtcgagca.day2,day2
cgaaagctattaggtgct.day2,day2
tcagtgtgtgtatgcggt.day2,day2
accttcatccggccgtaa.day2,day2
tgagacgactcgaagcca.day2,day2
cgttatactgcattgctc.day2,day2
catagattcgcatgcggt.day2,day2
agtctggtcctaccgatg.day2,day2
cggtccacccaaatgaag.day2,day2
gatcaacaaccgggtgct.day2,day2
cactgtatataccagact.day2,day2
cggcgtttcttggaaggg.day2,day2
gggatcttgctcagcacg.day2,day2
gccgttaggttagagtga.day2,day2
cgaaagctcaatgctgag.day2,day2
ttcgcattcttggctgag.day2,day2
ttaagactgtgggctgag.day2,day2
atccggcggcgttgcggt.day2,day2
aggttaatagcgaacgtg.day2,day2
aacagcgctgaggaaggg.day2,day2
ttaagagcgcggcaaccg.day2,day2
ccacgcggccatcaggag.day2,day2
gcgcggtgaatttgagac.day2,day2
ctgtggccacgcattagt.day2,day2
gaaatatttgggagtaaa.day2,day2
taatagaccttcgctccc.day2,day2
tagaggttgctcttaaga.day2,day2
ctattacaggaggtggtg.day2,day2
tcagtgagcacgcgcata.day2,day2
catagaagtctgttggat.day2,day2
tcatcacgttatatagcg.day2,day2
tatttcagcacgaacgtg.day2,day2
atgaagttcgcaggattg.day2,day2
ccgtaatgcggtggacga.day2,day2
caaccgatagcgcttacg.day2,day2
acggacccgatggccgtt.day2,day2
ccacgcgccgttttcgca.day2,day2
ccacgcgaaataatactt.day2,day2
gccgttgtttcatggcag.day2,day2
tcagtgacaagggtcggc.day2,day2
cggcgttcgggaatatac.day2,day2
acccaataagcttccaag.day2,day2
atagcgaagtatacaagg.day2,day2
gatcaaaccttcgtcggc.day2,day2
gctcccccgtaaatagcg.day2,day2
caagtctccaaggaggcc.day2,day2
atacttcactgtccacgc.day2,day2
agcacggagctttagagg.day2,day2
cgaaagggccattccaag.day2,day2
gcgcggcggcgtaggtta.day3,day3
atccggtccaagatactt.day3,day3
ttaagaattagtgctgag.day3,day3
atagcgcaccacgactcg.day3,day3
ccgatgccgatggactcg.day3,day3
tgctaacaggaggccaga.day3,day3
gccagattaagatgcggt.day3,day3
gctccccgcatagtggtg.day3,day3
agtctgcatagaagatgt.day3,day3
cactgttaagctaagtat.day3,day3
ttggataaagaaaattgg.day3,day3
gcgaataagccagttaac.day3,day3
tgctaaacaagggggatc.day3,day3
cggtcccttgaaaccttc.day3,day3
ccacgcgggatctggcag.day3,day3
atccggaacagccataga.day3,day3
taccgacactgtgaaggg.day3,day3
caccacatagcggccgtt.day3,day3
cgaaagagatgttccaag.day3,day3
tgcggtaagtattcatca.day3,day3
agatgtcactgtgtttca.day3,day3
gaagggaacagcattagt.day3,day3
cttacgcgcatacactgt.day3,day3
tggcagagatgtcgaaag.day3,day3
aagccagtttcagagtga.day3,day3
cggtccgcgaatatgaag.day3,day3
gctgagcggtcccaagtc.day3,day3
ccacgctaatagcgcata.day3,day3
gatcaatcgggaatccgg.day3,day3
cgcatagaagggcctcta.day3,day3
ttaagatcatcactatta.day3,day3
ttggatgactcggttaac.day3,day3
cttacgcaccactcgcct.day3,day3
ggattgggattgcaggag.day3,day3
tatttctatttccgttat.day3,day3
catagattcttggtccta.day3,day3
ctcaatgctcccccgatg.day3,day3
ccgatgcgttatctcaat.day3,day3
atagcgagtctgccgtaa.day3,day3
cctctagccgttgcgaat.day3,day3
atataccgttattgcggt.day3,day3
gatcaagaggccgaggcc.day3,day3
cgaaagtaagcttaccga.day3,day3
caccaccggtccctcaat.day3,day3
aaagaatccaagtggcag.day3,day3
cggtccacaaggcttacg.day3,day3
gactcgagtaaaatccgg.day3,day3
gccagatatttctgagac.day3,day3
tcgggattcttgggtgct.day3,day3
cactgttcatcaagtaaa.day3,day3
cggcgtttggatcgcata.day3,day3
cgcatagtggtggtcggc.day3,day3
cttgaagccgttaggtta.day3,day3
gatcaatcgggaggattg.day3,day3
tttggggatcaaacggac.day3,day3
cggcgtaacgtgggacga.day3,day3
gaggccttgctctaatag.day3,day3
tccaagctcaatagaccc.day3,day3
accttccaggaggagtga.day3,day3
tgcggtggccatttaaga.day3,day3
atactttggcagtgagac.day3,day3
gcttgtcgttatgccgtt.day3,day3
cgaaagaaagaatagagg.day3,day3
ccgtaaggtaggtgaatt.day3,day3
cggtcctgctaagggatc.day3,day3
agacccagtaaactcaat.day3,day3
acggacagtaaagccaga.day3,day3
ttaagaccacgcgcgcgg.day3,day3
ccacgcgagcttgagctt.day3,day3
gagcttcaggaggtggtg.day3,day3
agtaaaaccttcatagcg.day3,day3
aaagaacaggaggagctt.day3,day3
cggcgtatccggagtaaa.day3,day3
taatagcggtcctgttcg.day3,day3
gaggccaattggctgtgg.day3,day3
gctcccaacagctagagg.day3,day3
ttaagagaggcccttacg.day3,day3
atacttcaccactcatca.day3,day3
agtctgggtaggctcaat.day3,day3
ccgatgagtctggtccta.day3,day3
tcgggaatgaagaaagaa.day3,day3
cgaaagtgctaacaggag.day3,day3
tgtgtagagtgagccaga.day3,day3
ggtaggaccttcttaaga.day3,day3
gctccccggtccagcacg.day3,day3
gtacagcgcatagtggtg.day3,day3
agatgttcagtgcagact.day3,day3
gagcttgcgaataggtta.day3,day3
tggcagtaccgagccgtt.day3,day3
taccgatgctaaatccgg.day3,day3
aacgtgttgctcgcttgt.day3,day3
tcagtgcagactctatta.day3,day3
cgttatatccggcataga.day3,day3
tcagtgcggtcccgcata.day3,day3
cactgttgtgtactgtgg.day3,day3
ccgatgagacccttggat.day3,day3
ccgatgggtaggattagt.day3,day3
tgagacgttaacaggtta.day3,day3
caccacagtctgtgagac.day3,day3
cttacgttcgcacttgaa.day3,day3
acggacctattacggcgt.day3,day3
aacgtgagaccctagagg.day3,day3
tctagcaagccagctccc.day3,day3
tcatcaccgatgagatgt.day3,day3
gatcaacaaccgctgtgg.day3,day3
tgaattgactcgaacgtg.day3,day3
gatcaagcgcggatatac.day3,day3
ggacgaaacgtgcgaaag.day3,day3
acaaggaagccataccga.day3,day3
aacgtgccacgcaacgtg.day3,day3
ctaggtacaagggcgaat.day3,day3
agatgttggcagggacga.day3,day3
gggatcaacgtggttaac.day3,day3
gtacagcgcataacccaa.day3,day3
aagccaccgatgcgagca.day3,day3
cactgtccgtaattaaga.day3,day3
acaaggcggcgtgagctt.day3,day3
cgagcatgctaacaagtc.day3,day3
gcgcggggtgctgctgag.day3,day3
ttaagatgttcgtgcggt.day3,day3
caccactatttcgccgtt.day3,day3
aagtatgttaaccaccac.day3,day3
ttaagaatacttgctgag.day3,day3
cggcgttcgggaagatgt.day3,day3
tgttcgtgagaccaaccg.day3,day3
aacgtgtctagcggtgct.day3,day3
tgctaattgctccaccac.day3,day3
tcgggaagtaaattgctc.day3,day3
cttacgggccatggattg.day3,day3
cgcatagcgaattcagtg.day3,day3
ctattaccgatggccaga.day3,day3
ctcaattgaatttgtgta.day3,day3
agatgtcatagataccga.day3,day3
gactcgatgaagcggcgt.day3,day3
ccgatgtgaattccgtaa.day3,day3
gctcccggacgataagct.day3,day3
gccgtttctagctgagac.day3,day3
attagtatgaagatatac.day3,day3
tgtgtacggtccctaggt.day3,day3
agtctgggtaggaacagc.day3,day3
ggtgctacggactttggg.day3,day3
atagcgcaaccggagctt.day3,day3
tcgggagtacagagcacg.day3,day3
gcttgtctattacgaaag.day3,day3
cctctaagatgttcatca.day3,day3
tgaattgccagaaacagc.day3,day3
gtcctagcttgtctatta.day3,day3
cctctatagaggttggat.day3,day3
tttgggtagaggcggtcc.day3,day3
ttcgcatgaattagatgt.day3,day3
cgttatcttgaaggattg.day3,day3
taatagatatactgctaa.day3,day3
acccaactaggtggccat.day3,day3
gtcggcccgatggtggtg.day3,day3
aagtatgcgcgggcgaat.day3,day3
tcgggaagatgtcaccac.day3,day3
agcacgcatagagagtga.day3,day3
gggatcgagtgactgtgg.day3,day3
agtctgctcaatcaccac.day3,day3
cttgaaaggttacgagca.day3,day3
caaccgcggtcctaccga.day3,day3
ctaggtatacttgagctt.day3,day3
ttaagaggtagggcgcgg.day3,day3
tagaggtggcaggcgaat.day3,day3
gctgagggtgcttgcggt.day3,day3
gtcctaaacagcgccaga.day3,day3
ctgtggtgcggtcaagtc.day3,day3
tgcggtcaccacgggatc.day3,day3
aacgtggaaggggctccc.day3,day3
ttgctctcatcatcggga.day3,day3
tcatcatggcaggcgcgg.day3,day3
ctaggttggcagcaccac.day3,day3
catagaaagccacgcata.day3,day3
ttaagaaagccatcagtg.day3,day3
catagaatatacaaagaa.day3,day3
gagtgatcagtgtttggg.day3,day3
ccgatgttcgcaacccaa.day3,day3
gatcaagcgaatcactgt.day3,day3
gttaacgtcggcgggatc.day3,day3
aacagcgctgagcgagca.day3,day3
gtcctatcgcctcagact.day3,day3
tgctaaaagccaagcacg.day3,day3
gccagagttaaccactgt.day3,day3
gtcggcgggatctatttc.day3,day3
cttacgagtctgtggcag.day3,day3
gatcaaggtgctgtacag.day3,day3
gtcggcgagtgagaggcc.day3,day3
acaaggttaagacgagca.day3,day3
aagtattcatcagccaga.day3,day3
taccgaccacgccgaaag.day3,day3
tcgcctaggttagccaga.day3,day3
taagctttcgcacctcta.day3,day3
agtctgaccttctgagac.day3,day3
gtggtggaaatattcttg.day3,day3
aagtatcgcataatgaag.day3,day3
tgttcggttaacacaagg.day3,day3
cagacttgtgtaccgtaa.day3,day3
ccgtaataatagctcaat.day3,day3
ggtaggcggcgtgagctt.day3,day3
aggttaacaaggttcttg.day3,day3
tgagactaagctttaaga.day3,day3
ggtaggaagccataccga.day3,day3
tcagtgttcgcaatactt.day3,day3
cttacgtggcagcttgaa.day3,day3
caaccggccagagagctt.day3,day3
gccagatcatcagtttca.day3,day3
aacagcgaaggggagtga.day3,day3
catagatccaaggtccta.day3,day3
gtcctacgttatggattg.day3,day3
tgtgtatctagcaggtta.day3,day3
ggccatcaaccgtggcag.day3,day3
gatcaatccaagtggcag.day3,day3
tggcaggaaataggattg.day5,day5
actgcactcaatgtttca.day5,day5
tttgggcagacttgcggt.day5,day5
cgttataacagcgctgag.day5,day5
aacgtgtcatcagaaata.day5,day5
agcacgcagactggattg.day5,day5
aattggcttacgggattg.day5,day5
gctccccaccacccgatg.day5,day5
tcatcaaacagcctgtgg.day5,day5
tcgccttagaggtcatca.day5,day5
ggacgacggtccccgtaa.day5,day5
ggattgtagaggctgtgg.day5,day5
ggattggcgcggaggtta.day5,day5
ttgctcgtttcagcgcgg.day5,day5
agtaaacttgaagtccta.day5,day5
agatgtcaaccggagtga.day5,day5
ttggatgggatccggcgt.day5,day5
gggatccgagcacgagca.day5,day5
cttgaacaccacacaagg.day5,day5
ctaggtgagtgagtacag.day5,day5
ccgtaaagatgtgtttca.day5,day5
ctaggtgcgaataccttc.day5,day5
attagtcactgtgtccta.day5,day5
cagactgttaactatttc.day5,day5
ttgctcatacttatagcg.day5,day5
cttgaagggatctgtgta.day5,day5
cgaaagaagtatcagact.day5,day5
ctaggtaaagaaaacgtg.day5,day5
ggacgacgaaagagtaaa.day5,day5
acaaggcatagagccaga.day5,day5
ggtaggttgctcatgaag.day5,day5
atccggcatagagtggtg.day5,day5
tccaagaaagaagaaggg.day5,day5
aacagcgttaacaattgg.day5,day5
taatagcaaccgatccgg.day5,day5
ttcttgtgaatttgagac.day5,day5
gaaataattagtgaggcc.day5,day5
agtctggagtgagtacag.day5,day5
gcgcgggcgaatatatac.day5,day5
gaaataatgaagtcagtg.day5,day5
cgaaagtcatcaaagcca.day5,day5
gctccccaaccgagtaaa.day5,day5
gcgaattgagacagtaaa.day5,day5
ggacgacggtccgagctt.day5,day5
caaccgtagaggagcacg.day5,day5
cagactggccatatatac.day5,day5
cttacgagtaaagcgaat.day5,day5
cctctacgcatatctagc.day5,day5
gccagaatacttactgca.day5,day5
attagtcggtcctggcag.day5,day5
cctctatcgggactaggt.day5,day5
acggacgcgcgggctgag.day5,day5
tcgggacaggagcttgaa.day5,day5
cggtccgaggccatagcg.day5,day5
acaagggaaataggacga.day5,day5
gaaggggagtgacactgt.day5,day5
cagactgggatctctagc.day5,day5
ctgtggcagactgagctt.day5,day5
accttctatttccaccac.day5,day5
gcgaatgaagggtgagac.day5,day5
tgtgtaatactttgttcg.day5,day5
gagcttcgttatggtgct.day5,day5
gctgagagtaaagcgcgg.day5,day5
tgaattatgaagctaggt.day5,day5
tgctaatagaggagtctg.day5,day5
ttaagaacaaggtgcggt.day5,day5
cggcgtaaagaaattagt.day5,day5
atgaaggagctttcagtg.day5,day5
cggtcccactgtcagact.day5,day5
atagcgatacttggccat.day5,day5
cttgaatggcagcgttat.day5,day5
tgttcgagcacggttaac.day5,day5
acccaacaggagctcaat.day5,day5
cttacgagtaaatcggga.day5,day5
tcgcctatagcgttcgca.day5,day5
gctcccatatacacccaa.day5,day5
ttaagacggcgtgatcaa.day5,day5
gggatctcgggacataga.day5,day5
gggatcaagccacttacg.day5,day5
acggacatacttgtccta.day5,day5
ggtgctctattacgaaag.day5,day5
agtaaaagtctgtccaag.day5,day5
cgcatagctgagaaagaa.day5,day5
ggtgctacaaggcaaccg.day5,day5
acccaactaggttgttcg.day5,day5
agacccgtttcacggcgt.day5,day5
tccaaggtcggcaggtta.day5,day5
ttcttgtgcggtgaaggg.day5,day5
atccggcttgaaaccttc.day5,day5
gagcttcggcgtctgtgg.day5,day5
gaagggcggcgtacccaa.day5,day5
gccgtttgagacgccgtt.day5,day5
gaaataagtaaaccgatg.day5,day5
tcagtgccgtaaaccttc.day5,day5
tcgcctcaccaccagact.day5,day5
tgttcgcactgttttggg.day5,day5
acaaggcactgtcagact.day5,day5
actgcaatagcgggattg.day5,day5
ctattaaacgtgtatttc.day5,day5
gagtgattcttgttgctc.day5,day5
ttcgcagttaacttggat.day5,day5
gactcgtcagtgagcacg.day5,day5
cagactagatgttggcag.day5,day5
tccaagtgagacccgtaa.day5,day5
ggacgaagtctgcaaccg.day5,day5
tgttcgatccggccacgc.day5,day5
caggaggaagggaaagaa.day5,day5
cactgtgcgcggtttggg.day5,day5
gaagggatatactctagc.day5,day5
attagtggacgagatcaa.day5,day5
gttaaccttgaattggat.day5,day5
caccaccgttatattagt.day5,day5
gttaactggcagccgatg.day5,day5
gtcggcgtcggccctcta.day5,day5
tctagcaaagaatcatca.day5,day5
gcgaattctagcgtggtg.day5,day5
gaaatatgtgtagtcggc.day5,day5
tcgcctgagctttaagct.day5,day5
aaagaatgagactaagct.day5,day5
ggattgacccaagtacag.day5,day5
atagcgtaagctacggac.day5,day5
caaccgcgttatccacgc.day5,day5
aaagaataccgatgtgta.day5,day5
agatgttggcaggcttgt.day5,day5
cgttatacccaaatactt.day5,day5
tggcaggaaataattagt.day5,day5
gttaacactgcaactgca.day5,day5
ttcttgaattggttaaga.day5,day5
ggattgtgctaatgagac.day5,day5
tgagactcagtgtttggg.day5,day5
aacgtgcaaccgggacga.day5,day5
gaggcctctagccaccac.day5,day5
gtcctacgcatagttaac.day5,day5
aaagaagggatccttacg.day5,day5
ccgtaaagcacgtttggg.day5,day5
tcatcacaccacatagcg.day5,day5
ttaagagagtgaacccaa.day5,day5
tcgggaactgcaacaagg.day5,day5
atgaaggtcctagagtga.day5,day5
actgcataagcttgctaa.day5,day5
tcgccttatttcgcgcgg.day5,day5
tcagtgacaaggcggcgt.day5,day5
agtctggaaatacgcata.day5,day5
agacccgttaacaaagaa.day5,day5
agcacgtaatagccgtaa.day5,day5
tgttcggtttcaccgtaa.day5,day5
cgcataattagtattagt.day5,day5
ctcaatggtgctgaaggg.day5,day5
tgagacctaggtatgaag.day5,day5
gtcggcatgaagagcacg.day5,day5
tgagacagaccccgcata.day5,day5
gccgttgtttcacttacg.day5,day5
agtctgtggcagtagagg.day5,day5
gatcaaatatactagagg.day5,day5
caaccgagacccatagcg.day5,day5
tgtgtagatcaacggtcc.day5,day5
atagcgaggttacactgt.day5,day5
atagcgttcttgatactt.day5,day5
cagactgctgagttcttg.day5,day5
ggtaggttaagacataga.day5,day5
atccggagtctgcataga.day5,day5
agaccctagaggtcgcct.day5,day5
aggttagggatcatatac.day5,day5
gccgttttgctcggccat.day5,day5
ggattgggacgagaaata.day5,day5
gatcaagtggtggtacag.day5,day5
atacttgttaacactgca.day5,day5
aagtattcagtgaattgg.day5,day5
cgcatataccgaaaagaa.day5,day5
gactcgttgctcccacgc.day5,day5
gactcggtcctagatcaa.day5,day5
agcacgcttacgatgaag.day5,day5
ccgatgtgctaacaagtc.day5,day5
ggtgctcgttattaccga.day5,day5
ttggatatccggatccgg.day5,day5
acccaagaagggatatac.day5,day5
gctgagcaccacatagcg.day5,day5
caccactgcggtaggtta.day5,day5
gtcctaaggttagttaac.day5,day5
atatacagatgtttaaga.day5,day5
tccaagacggacagatgt.day5,day5
cactgttgctaatgagac.day5,day5
gcttgtgtcggccaagtc.day5,day5
tcgcctcgttatcgttat.day5,day5
gccgttggtgctacccaa.day5,day5
tgaattccacgcgggatc.day5,day5
acggactaagctcaccac.day5,day5
ctattacagactagaccc.day5,day5
gctgagtttgggtttggg.day5,day5
agtaaaccgatgtgagac.day5,day5
tgttcgtaccgatccaag.day5,day5
gtacagcagactcagact.day5,day5
gtcctaatagcgtctagc.day5,day5
cttgaattggattgcggt.day5,day5
gaaataggattgatatac.day5,day5
caggaggagcttgtacag.day7,day7
gatcaagcgaatgtcggc.day7,day7
atccggcgcatagctgag.day7,day7
cgagcaaagccatttggg.day7,day7
ggattgtgagacgctccc.day7,day7
gctgagagatgtcttgaa.day7,day7
cttgaacttgaaatatac.day7,day7
cttgaagttaacgccaga.day7,day7
ggacgattcttgtcggga.day7,day7
cgttatgccgtttgagac.day7,day7
gaagggggacgacgaaag.day7,day7
aattggttggatcaccac.day7,day7
agtaaattaagacggcgt.day7,day7
ttggatcggtccaggtta.day7,day7
ctcaatgtggtgtgaatt.day7,day7
gactcgatccggtatttc.day7,day7
cgttatccacgctcggga.day7,day7
cgaaaggttaacgaggcc.day7,day7
ggacgatgtgtatagagg.day7,day7
atccggttgctcctcaat.day7,day7
gggatcaggttataagct.day7,day7
cgaaagccacgcaccttc.day7,day7
atccggtgaattgaaata.day7,day7
cctctagggatctctagc.day7,day7
cttgaaaagccacagact.day7,day7
aaagaaggacgacgttat.day7,day7
gagtgacaggagctcaat.day7,day7
cttacgggccatgtcggc.day7,day7
caccacgcttgttagagg.day7,day7
ccgtaatcatcatagagg.day7,day7
tctagctgttcgtggcag.day7,day7
atacttattagtcaagtc.day7,day7
gcttgtccgtaacaccac.day7,day7
gccgttcggcgtgcttgt.day7,day7
caaccgatccggggtagg.day7,day7
atagcgcttgaacagact.day7,day7
ccgatgtgaattgctccc.day7,day7
gtacagatagcgggattg.day7,day7
cggcgtcggtcctgaatt.day7,day7
aacagctgttcgctcaat.day7,day7
ggacgagactcgttcgca.day7,day7
acaagggagcttcaaccg.day7,day7
ccgatgaagtatggtagg.day7,day7
cttgaaatatacgctccc.day7,day7
cttgaaatatacagcacg.day7,day7
cactgtatacttggacga.day7,day7
ccacgcagaccctgaatt.day7,day7
ctaggtaattggcttacg.day7,day7
cggcgtatacttgtacag.day7,day7
gaaataaattgggcttgt.day7,day7
tccaagactgcaaattgg.day7,day7
agtctgcggcgtggtagg.day7,day7
acccaacgaaagcttacg.day7,day7
caaccgagtaaacggcgt.day7,day7
gccgttatgaaggccgtt.day7,day7
cttgaatctagcgctccc.day7,day7
gttaactcgggaagcacg.day7,day7
aacagccctctagaaggg.day7,day7
gagcttaattggacccaa.day7,day7
caagtcccgatggatcaa.day7,day7
cctctacaagtcggattg.day7,day7
ccgtaataccgagtacag.day7,day7
catagacaccaccgttat.day7,day7
aagccattcgcatcggga.day7,day7
cgttatttgctcgagctt.day7,day7
cggcgtgtcggcgatcaa.day7,day7
cggcgttttgggttcgca.day7,day7
ctgtggtagaggatactt.day7,day7
aattggggattgattagt.day7,day7
gagctttgttcgtgaatt.day7,day7
cttgaagtcctactgtgg.day7,day7
tgaattgccgtttggcag.day7,day7
tcagtgcatagacgcata.day7,day7
atatacgccagagccgtt.day7,day7
caccacagtaaagctgag.day7,day7
tcatcaaattggttaaga.day7,day7
atacttgcgaattgagac.day7,day7
atatacgtggtgacggac.day7,day7
gagtgataagctgcgaat.day7,day7
atatacggacgaggattg.day7,day7
cgcataccacgccggtcc.day7,day7
tcgggacgttataggtta.day7,day7
tgcggtcaccacaacagc.day7,day7
attagtaagtatttgctc.day7,day7
actgcaaacagctgctaa.day7,day7
atagcgggattgaattgg.day7,day7
ttcgcagctcccaacgtg.day7,day7
tgtgtaatccggcgaaag.day7,day7
ttaagatgttcgagtaaa.day7,day7
cttgaacgaaagaattgg.day7,day7
agcacgggtaggctatta.day7,day7
tgttcgacggacgggatc.day7,day7
tgtgtataatagagatgt.day7,day7
tatttcgcttgttatttc.day7,day7
gaagggcaaccgtcggga.day7,day7
tgcggtgtacagcgttat.day7,day7
tggcaggaaatacgaaag.day7,day7
tcagtgctcaatgagctt.day7,day7
ccacgcgagcttctatta.day7,day7
gaaatatgttcgggattg.day7,day7
agcacgcgcatattcttg.day7,day7
atatactaccgaaacagc.day7,day7
cctctacaaccgatgaag.day7,day7
ggtaggtaccgactgtgg.day7,day7
gaaggggactcgtagagg.day7,day7
cactgtgggatcgttaac.day7,day7
atccgggactcgcaaccg.day7,day7
ctattacggtccgttaac.day7,day7
acaaggggattgctgtgg.day7,day7
cgagcatttgggtaccga.day7,day7
tgctaagccgttgggatc.day7,day7
gccgttcctctatcggga.day7,day7
ctcaatcctctagtttca.day7,day7
gaaggggactcgaaagaa.day7,day7
caggagttcgcattcgca.day7,day7
aacgtgggattgcgttat.day7,day7
agtctggggatctctagc.day7,day7
gccgttggccattagagg.day7,day7
acaagggcgaatgaaata.day7,day7
ggccatctaggtgtttca.day7,day7
ccgtaaagacccgttaac.day7,day7
tgagacaaagaacgttat.day7,day7
gagcttatataccagact.day7,day7
atacttcttacgcggtcc.day7,day7
tgaattcttacgatatac.day7,day7
taccgaaagtatgatcaa.day7,day7
tctagcctattattggat.day7,day7
ctgtggttcgcaggtagg.day7,day7
gaaatagtcctacaccac.day7,day7
atccggcaagtcttcgca.day7,day7
tgttcgttaagagactcg.day7,day7
tttgggcctctagactcg.day7,day7
gatcaatctagctgcggt.day7,day7
accttcatccggctgtgg.day7,day7
gagtgatagaggttcgca.day7,day7
atacttactgcagaaata.day7,day7
tcgggaatacttgagtga.day7,day7
ggattggcgaattggcag.day7,day7
cgagcattggatatgaag.day7,day7
acccaataatagtcgcct.day7,day7
aagccaggtaggaattgg.day7,day7
gccgttcggcgttggcag.day7,day7
ggtaggggtaggctatta.day7,day7
gggatccttgaagcttgt.day7,day7
gagtgaatacttgtacag.day7,day7
catagagagctttcggga.day7,day7
ccgatgtttgggatccgg.day7,day7
attagtacaaggactgca.day7,day7
gaggcctgctaataatag.day7,day7
aacgtgaacagcgccgtt.day7,day7
ttaagacgttatagatgt.day7,day7
tccaaggccgttgaaggg.day7,day7
cgagcatgcggttccaag.day7,day7
tcatcaaattggaggtta.day7,day7
caggagtgcggtagcacg.day7,day7
gaagggcggtccatactt.day7,day7
tcatcatgagactcatca.day7,day7
tccaaggaaatagaggcc.day7,day7
aagccaattagtaggtta.day7,day7
ctattacgcataaaagaa.day7,day7
tcgcctctcaatctaggt.day7,day7
tcgggataatagagtaaa.day7,day7
acaaggagtaaacgaaag.day7,day7
gcgcggactgcaaacagc.day7,day7
cactgttatttctagagg.day7,day7
agcacgggccatcgagca.day7,day7
caaccgaccttcgcttgt.day7,day7
tgtgtactaggtaccttc.day7,day7
tgtgtaacggactgaatt.day7,day7
taagctacaaggtgctaa.day7,day7
gaagggccgatgcctcta.day7,day7
ttcttgaacgtggggatc.day7,day7
atacttcaagtccgaaag.day7,day7
tgtgtactgtggaaagaa.day7,day7
ttcgcagtcctaaccttc.day7,day7
gtggtgctaggtagtctg.day7,day7
ccgtaatgcggtaagcca.day7,day7
gccagatgtgtatgtgta.day7,day7
ctcaatctaggtgggatc.day7,day7
gccagaaccttcggccat.day7,day7
actgcactgtggccacgc.day7,day7
ctattacgaaaggctgag.day7,day7
agatgtttggatcagact.day7,day7
tgagacgctgagattagt.day7,day7
catagaagtaaacataga.day7,day7
gactcgcactgtcaggag.day7,day7
gctgagtgagacttgctc.day7,day7
ggtgctctaggtgtcggc.day7,day7
accttccatagaccgatg.day7,day7
aagtatttcgcatgttcg.day7,day7
atagcgtaccgaccgtaa.day7,day7
ctattactattacttacg.day7,day7
ggattgcagactgactcg.day7,day7
cgagcaggattggtccta.day7,day7
accttctgttcgcataga.day7,day7
taataggggatctttggg.day7,day7
ggtgctacggacctatta.day7,day7
agatgtaattggaagtat.day7,day7
ggacgagtcggcaacagc.day7,day7
tcgcctatactttgctaa.day7,day7
cgagcaaccttcgggatc.day7,day7
cgaaagcgttataggtta.day7,day7
ctattattggatccacgc.day7,day7
caccactgagacgtacag.day7,day7
tcgggaccgatggccgtt.day7,day7
tgagaccagactaccttc.day7,day7
aagtatcagactcggcgt.day7,day7
taccgaagatgtcaccac.day7,day7
acccaaactgcaatccgg.day7,day7
aaagaattcttgacaagg.day7,day7
aacgtgatagcggactcg.day7,day7
taagctttcgcacgcata.day7,day7
tctagcaccttcaaagaa.day7,day7
tcgcctgctcccgaaata.day7,day7
gtggtgtgctaagtggtg.day7,day7
taatagaattggcactgt.day7,day7
tcgccttccaagagaccc.day7,day7
taatagtcgggattcgca.day7,day7
gtttcacaggagatagcg.day7,day7
tcagtgatacttgtacag.day7,day7
tcagtgacccaattcgca.day7,day7
gaggcctttgggctatta.day7,day7
tcatcagaaatattgctc.day7,day7
aagccatgcggttcggga.day7,day7
gatcaaaacgtgggtagg.day7,day7
tggcagagcacgtgctaa.day7,day7
gatcaagtggtgtagagg.day7,day7
gttaacatagcgagtctg.day7,day7
ccgatgatagcggctccc.day7,day7
ttgctccgagcaaaagaa.day7,day7
ggccataattggcgaaag.day7,day7
ggccattgagactgaatt.day7,day7
gagtgaaacgtgtaagct.day7,day7
gtcctaccgtaaatatac.day7,day7
gactcgccacgcctcaat.day7,day7
caccacatacttgctgag.day7,day7
acggacctaggtgagctt.day7,day7
tgtgtagaaatatttggg.day7,day7
gttaacgaaatatttggg.day7,day7
tgttcggaagggttcttg.day7,day7
gtggtgctattaaacgtg.day7,day7
aaagaagtacagtaatag.day7,day7
tcagtgatagcgaccttc.day7,day7
tcatcacaagtccaccac.day7,day7
ggccatcttacgaattgg.day7,day7
aagtatctaggtcctcta.day7,day7
tccaagatactttgcggt.day7,day7
tttggggatcaagtccta.day7,day7
acggaccaccacatactt.day7,day7
ggtaggcaccacgaaata.day7,day7
agtctggccagaggacga.day7,day7
tgcggtttaagagcgaat.day7,day7
agcacgtgagactccaag.day7,day7
tgtgtagctgagagatgt.day7,day7
aacagcttcgcatgcggt.day7,day7
taagctaaagaaacccaa.day7,day7
taatagagacccgcttgt.day7,day7
taccgagaagggtctagc.day7,day7
aagtatcttgaagaaata.day7,day7
tccaagttcttgggtagg.day7,day7
gcgaataagccaaaagaa.day7,day7
ccgatgatacttgtccta.day7,day7
cttacggaaggggtttca.day7,day7
gctccctgttcgtgttcg.day7,day7
tgcggtaacgtgattagt.day7,day7
ccgatgatacttgccaga.day7,day7
aggttagcgaatctcaat.day7,day7
ggccatagtctggctgag.day7,day7
gttaactgtgtagagctt.day7,day7
tcatcaacggactcagtg.day7,day7
ttcttgggacgaaattgg.day7,day7
aggttaattagtaggtta.day7,day7
tcagtgctaggttgttcg.day7,day7
ccgatggagcttccgtaa.day7,day7
cggtccgactcggtccta.day7,day7
caagtcgtcggcatgaag.day7,day7
gccgttggtgctcgttat.day7,day7
ggtagggagcttcaaccg.day7,day7
atgaagtcagtgatactt.day7,day7
ggtaggggattgctgtgg.day7,day7
ccgtaagtcctatggcag.day7,day7
tctagcagtctggtacag.day7,day7
aggttagctgagggattg.day7,day7
ggtagggcgaatgaaata.day7,day7
ggtaggagtaaacgaaag.day7,day7
ctgtggtggcagggtagg.day7,day7
caagtcccgtaacgcata.is003.meso,meso
atactttaatagaccttc.is003.meso,meso
catagacgagcataatag.is003.meso,meso
accttcaagccacttgaa.is003.meso,meso
atgaagcggcgtaattgg.is003.meso,meso
atacttttggatacggac.is003.meso,meso
atatacgaggcctaccga.is003.meso,meso
cgagcatggcagctgtgg.is003.meso,meso
gaagggcatagagcttgt.is003.meso,meso
cttacggggatccgcata.is003.meso,meso
atatacatagcgcctcta.is003.meso,meso
gaagggagtctggttaac.is003.meso,meso
aacgtgcactgtatccgg.is003.meso,meso
gaaataaaagaagctccc.is003.meso,meso
gaaatatctagcctaggt.is003.meso,meso
acccaagtggtgagtctg.is003.meso,meso
ctgtgggccgtttggcag.is003.meso,meso
caagtcgggatcagcacg.is003.meso,meso
cttgaagttaacacccaa.is003.meso,meso
agcacgtagagggcgaat.is003.meso,meso
ctaggtgaaataagatgt.is003.meso,meso
caagtcagcacggggatc.is003.meso,meso
ccgtaatgcggtttcttg.is003.meso,meso
cggcgtcgcatagatcaa.is003.meso,meso
ccgatgttgctctccaag.is003.meso,meso
cactgtcagactgggatc.is003.meso,meso
acccaactcaatagatgt.is003.meso,meso
caggagaaagaatgagac.is003.meso,meso
atccgggatcaaaaagaa.is003.meso,meso
aacagcttcttgcttacg.is003.meso,meso
cggcgtcaagtcgaggcc.is003.meso,meso
aaagaaaggttaatatac.is003.meso,meso
ctgtggttaagacaaccg.is003.meso,meso
gcgcggcgttatttcgca.is003.meso,meso
agacccactgcaacaagg.is003.meso,meso
aggttaagtaaatgaatt.is003.meso,meso
caagtccttgaaatactt.is003.meso,meso
aacagcaagccaccgtaa.is003.meso,meso
gcgaatctcaatcttacg.is003.meso,meso
cgagcattcttgcataga.is003.meso,meso
ggacgacaccaccttacg.is003.meso,meso
attagtgtcctaaagcca.is003.meso,meso
agtaaaaacgtgcgcata.is003.meso,meso
aattggtgctaatggcag.is003.meso,meso
cgttattcgcctgcttgt.is003.meso,meso
agatgtgtttcaatgaag.is003.meso,meso
ccacgcgagcttgagctt.is003.meso,meso
caccaccgttatgaaata.is003.meso,meso
cggcgtcgttatacaagg.is003.meso,meso
atagcgccgtaatctagc.is003.meso,meso
tcgcctttgctcgctgag.is003.meso,meso
cactgtgccagagccgtt.is003.meso,meso
ccgatgcttgaattcgca.is003.meso,meso
catagagcgaatcaccac.is003.meso,meso
cgagcagaaatattcgca.is003.meso,meso
gaagggctgtggcgcata.is003.meso,meso
cactgttaatagagtaaa.is003.meso,meso
ggattgtgttcggtccta.is003.meso,meso
ggacgaaccttcggattg.is003.meso,meso
ccgatgttaagataagct.is003.meso,meso
gaagggctgtgggaaggg.is003.meso,meso
cgttatcagactaggtta.is003.meso,meso
aacagcagtctgcaagtc.is003.meso,meso
gagcttgagcttctcaat.is003.meso,meso
ggacgaagatgtccgatg.is003.meso,meso
accttcctgtgggcttgt.is003.meso,meso
ctgtggcaagtcgccgtt.is003.meso,meso
atacttaacgtgcaccac.is003.meso,meso
aagtatgtcctacataga.is003.meso,meso
caggaggaggcccttgaa.is003.meso,meso
tgaattccgtaaacccaa.is003.meso,meso
cactgtatgaagtccaag.is003.meso,meso
ctgtgggactcgcactgt.is003.meso,meso
ggtagggcgcggaagcca.is003.meso,meso
agaccccctctaagtaaa.is003.meso,meso
cagactcaagtccaggag.is003.meso,meso
cgcatattcgcattgctc.is003.meso,meso
gccagaccacgcgaggcc.is003.meso,meso
cggcgtccgatgtctagc.is003.meso,meso
ttgctcgttaactgctaa.is003.meso,meso
tcatcaagacccggacga.is003.meso,meso
atccgggagcttactgca.is003.meso,meso
ctcaatcatagatagagg.is003.meso,meso
atgaaggtttcacgttat.is003.meso,meso
gttaactcgccttccaag.is003.meso,meso
atccggtctagcgttaac.is003.meso,meso
tcgggaccgtaacataga.is003.meso,meso
gcttgtagtaaagccaga.is003.meso,meso
gtttcagatcaacgaaag.is003.meso,meso
gaaatacaccacctaggt.is003.meso,meso
caagtcccgtaacgcata.is005.meso,meso
atactttaatagaccttc.is005.meso,meso
accttcaagccacttgaa.is005.meso,meso
catagacgagcataatag.is005.meso,meso
cgagcatggcagctgtgg.is005.meso,meso
tcgcctttgctcgctgag.is005.meso,meso
ggtagggcgcggaagcca.is005.meso,meso
gcgaatctcaatcttacg.is005.meso,meso
atgaagcggcgtaattgg.is005.meso,meso
gcgcggcgttatttcgca.is005.meso,meso
tgaattccgtaaacccaa.is005.meso,meso
gttaactcgccttccaag.is005.meso,meso
atacttttggatacggac.is005.meso,meso
gaagggcatagagcttgt.is005.meso,meso
gtttcagatcaacgaaag.is005.meso,meso
ggacgacaccaccttacg.is005.meso,meso
atatacgaggcctaccga.is005.meso,meso
ggacgaaccttcggattg.is005.meso,meso
tcatcaagacccggacga.is005.meso,meso
gccagaccacgcgaggcc.is005.meso,meso
ggacgaagatgtccgatg.is005.meso,meso
aacgtgcactgtatccgg.is005.meso,meso
gaagggagtctggttaac.is005.meso,meso
cggcgtcaagtcgaggcc.is005.meso,meso
gaaataaaagaagctccc.is005.meso,meso
ggattgtgttcggtccta.is005.meso,meso
cggcgtcgcatagatcaa.is005.meso,meso
ctgtgggccgtttggcag.is005.meso,meso
gaaatatctagcctaggt.is005.meso,meso
atatacatagcgcctcta.is005.meso,meso
cttacggggatccgcata.is005.meso,meso
ccgatgttgctctccaag.is005.meso,meso
acccaagtggtgagtctg.is005.meso,meso
cttgaagttaacacccaa.is005.meso,meso
caagtcgggatcagcacg.is005.meso,meso
caagtcagcacggggatc.is005.meso,meso
tcgggaccgtaacataga.is005.meso,meso
ctaggtgaaataagatgt.is005.meso,meso
cgagcattcttgcataga.is005.meso,meso
gagcttgagcttctcaat.is005.meso,meso
tgagaccggtccatccgg.is005.meso,meso
ttgctcgttaactgctaa.is005.meso,meso
caggagaaagaatgagac.is005.meso,meso
ccgtaatgcggtttcttg.is005.meso,meso
acccaactcaatagatgt.is005.meso,meso
aacagcttcttgcttacg.is005.meso,meso
gcttgtagtaaagccaga.is005.meso,meso
tccaaggaagggggccat.is005.meso,meso
tcatcaagacccgtcggc.is005.meso,meso
gactcgggattgcaagtc.is005.meso,meso
agcacgtagagggcgaat.is005.meso,meso
ttggatattagtacaagg.is005.meso,meso
cactgtcagactgggatc.is005.meso,meso
atccgggatcaaaaagaa.is005.meso,meso
gcgaatatagcgggattg.is005.meso,meso
aaagaaaggttaatatac.is005.meso,meso
ctgtggttaagacaaccg.is005.meso,meso
gtacagtaagcttagagg.is005.meso,meso
ccacgcgagcttgagctt.is005.meso,meso
tttggggaggcccaagtc.is005.meso,meso
cggcgtcgttatacaagg.is005.meso,meso
agacccactgcaacaagg.is005.meso,meso
caagtccttgaaatactt.is005.meso,meso
cgttattcgcctgcttgt.is005.meso,meso
gcgcggcgaaagaagcca.is005.meso,meso
aggttaagtaaatgaatt.is005.meso,meso
ttaagagaggccatagcg.is005.meso,meso
accttcctgtgggcttgt.is005.meso,meso
gccgttaagtattgctaa.is005.meso,meso
caccaccgttatgaaata.is005.meso,meso
tgcggtatagcgcataga.is005.meso,meso
taccgatgctaagaggcc.is005.meso,meso
gagtgagggatcttcttg.is005.meso,meso
cactgtgccagagccgtt.is005.meso,meso
ggattgagtaaaccgtaa.is005.meso,meso
tcagtgattagtacaagg.is005.meso,meso
tgagactccaagtttggg.is005.meso,meso
catagagcgaatcaccac.is005.meso,meso
ccgatgcttgaattcgca.is005.meso,meso
agatgtgtttcaatgaag.is005.meso,meso
ggtgctactgcacctcta.is005.meso,meso
agtaaaaacgtgcgcata.is005.meso,meso
cgttatcagactaggtta.is005.meso,meso
tcatcacgaaagctaggt.is005.meso,meso
tgaattacggaccttacg.is005.meso,meso
cgagcagaaatattcgca.is005.meso,meso
ccgatgttaagataagct.is005.meso,meso
gccagatgagacgttaac.is005.meso,meso
aacagcaagccaccgtaa.is005.meso,meso
cggcgtccgatgtctagc.is005.meso,meso
cactgttaatagagtaaa.is005.meso,meso
aattggtgctaatggcag.is005.meso,meso
gaagggctgtgggaaggg.is005.meso,meso
gaagggctgtggcgcata.is005.meso,meso
tctagcaagtatgaggcc.is005.meso,meso
ggattgtcatcaagtaaa.is005.meso,meso
ttcgcacgcataagtctg.is005.meso,meso
gaggccaacgtggctgag.is005.meso,meso
attagtgtcctaaagcca.is005.meso,meso
atagcgccgtaatctagc.is005.meso,meso
tcgggaagtaaagggatc.is005.meso,meso
cgttattgttcgatgaag.is005.meso,meso
taccgacaaccgaagtat.is005.meso,meso
gtttcaaagtatatgaag.is005.meso,meso
ctgtgggactcgcactgt.is005.meso,meso
gaggccatagcgccgatg.is005.meso,meso
caggaggaggcccttgaa.is005.meso,meso
tatttcaacagcccgatg.is005.meso,meso
tttgggtcagtgctcaat.is005.meso,meso
aacagcagtctgcaagtc.is005.meso,meso
tgctaatgaattgaggcc.is005.meso,meso
aagtatgtcctacataga.is005.meso,meso
ctgtggcaagtcgccgtt.is005.meso,meso
gctccctcatcaacggac.is005.meso,meso
atacttaacgtgcaccac.is005.meso,meso
gctgagaaagaagaaggg.is005.meso,meso
tgagacgtggtgccacgc.is005.meso,meso
tctagcgggatctgaatt.is005.meso,meso
taatagcatagaaattgg.is005.meso,meso
tcatcagtttcatctagc.is005.meso,meso
cactgtatgaagtccaag.is005.meso,meso
cagactcaagtccaggag.is005.meso,meso
agaccccctctaagtaaa.is005.meso,meso
ctcaatcatagatagagg.is005.meso,meso
gaaatacaccacctaggt.is005.meso,meso
ggacgaaacgtgtcatca.is005.meso,meso
gatcaaagcacggcgcgg.is005.meso,meso
atccggtctagcgttaac.is005.meso,meso
atccgggagcttactgca.is005.meso,meso
ttggattatttccaccac.is005.meso,meso
gccagatcgcctgaaata.is005.meso,meso
tcagtgtcgcctgagtga.is005.meso,meso
tttgggctaggtgactcg.is005.meso,meso
tggcaggatcaatctagc.is005.meso,meso
tctagccggcgttcggga.is005.meso,meso
cgcatattcgcattgctc.is005.meso,meso
ggacgaacccaaatccgg.is005.meso,meso
atgaaggtttcacgttat.is005.meso,meso
tagaggaagtataacgtg.is005.meso,meso
taatagctattaaccttc.is005.meso,meso
gccagagggatccactgt.is005.meso,meso
tgtgtagaaataccgatg.is005.meso,meso
agatgtgaaatacggtcc.is005.meso,meso
aagccacggtcctgctaa.is005.meso,meso
acccaacggtccaagcca.is005.meso,meso
taccgaggccatgatcaa.is005.meso,meso
tctagcgcgaatctgtgg.is005.meso,meso
gtcctatctagcctcaat.is005.meso,meso
agtaaagagcttcaccac.is005.meso,meso
gatcaagctgagcggtcc.is005.meso,meso
tctagcatacttcggtcc.is005.meso,meso
taataggaagggtgaatt.is005.meso,meso
aggttacctctaacaagg.is005.meso,meso
gagtgacgcataatactt.is005.meso,meso
tagaggatgaaggactcg.is005.meso,meso
tgctaaaggttacaagtc.is005.meso,meso
cgttatttcgcatagagg.is005.meso,meso
ttcttggcgcggcttacg.is005.meso,meso
gctccccagactcgagca.is005.meso,meso
atatactctagcatatac.is005.meso,meso
tgtgtaggtgctcaagtc.is005.meso,meso
cagacttatttcgttaac.is005.meso,meso
gttaacaacagcccgtaa.is005.meso,meso
gtggtggctgagagcacg.is005.meso,meso
ccacgcccacgcatccgg.is005.meso,meso
tgcggtcaagtctccaag.is005.meso,meso
ttaagacggcgttgaatt.is005.meso,meso
ccgtaatgaattaacgtg.is005.meso,meso
ggtgctcaagtcgaaata.is005.meso,meso
ccgatggccagacttacg.is005.meso,meso
ggtgctttcgcaggacga.is005.meso,meso
aggttataccgagtttca.is005.meso,meso
taccgaaacgtggccgtt.is005.meso,meso
caaccggtacaggcttgt.is005.meso,meso
tcgcctttcttggctgag.is005.meso,meso
tatttcatgaagatgaag.is005.meso,meso
cgcatatggcagttgctc.is005.meso,meso
cgttatggtaggaagtat.is005.meso,meso
tgcggtttcgcataccga.is005.meso,meso
caagtcctcaatcgaaag.is003.endo,endo
aacagcgccagaccgtaa.is003.endo,endo
atgaagcaaccggctgag.is003.endo,endo
atatacgggatccgagca.is003.endo,endo
cgaaagaacagccagact.is003.endo,endo
cctctacttacgagaccc.is003.endo,endo
cgttattttgggtccaag.is003.endo,endo
atacttgaagggcagact.is003.endo,endo
ccacgcctgtggcttacg.is003.endo,endo
agtctggtttcacagact.is003.endo,endo
caggagtaccgacaaccg.is003.endo,endo
actgcagccgttgactcg.is003.endo,endo
agatgtcagactagcacg.is003.endo,endo
cgttataacgtgagtctg.is003.endo,endo
caagtcctcaatcgaaag.is005.endo,endo
cgttattttgggtccaag.is005.endo,endo
atgaagcaaccggctgag.is005.endo,endo
aacagcgccagaccgtaa.is005.endo,endo
cctctacttacgagaccc.is005.endo,endo
cgaaagaacagccagact.is005.endo,endo
atatacgggatccgagca.is005.endo,endo
atacttgaagggcagact.is005.endo,endo
tttggggagtgatcgcct.is005.endo,endo
ggattgtggcaggcgcgg.is005.endo,endo
ccacgcctgtggcttacg.is005.endo,endo
gccagagtcggcatagcg.is005.endo,endo
tatttctttgggcgagca.is005.endo,endo
caggagtaccgacaaccg.is005.endo,endo
cgttataacgtgagtctg.is005.endo,endo
actgcagccgttgactcg.is005.endo,endo
agtctggtttcacagact.is005.endo,endo
gaggccatacttgcgaat.is005.endo,endo
gatcaacgcataacggac.is005.endo,endo
gagctttcagtggtacag.is005.endo,endo
tgagacatgaagatatac.is005.endo,endo
gtcggctggcagccacgc.is005.endo,endo
tctagcgtcggccgttat.is005.endo,endo
agatgtcagactagcacg.is005.endo,endo
tagagggcgaataattgg.is005.endo,endo
tgagacttggatcactgt.is005.endo,endo
tctagctggcagttggat.is005.endo,endo
caggagtcgcctcaaccg.is005.endo,endo
tcagtgggattgaacgtg.is005.endo,endo
tgagacgaaatagtcggc.is005.endo,endo
gtcggcgaagggctgtgg.is005.endo,endo
gctgagcgagcaggtgct.is005.endo,endo
tcgcctatccggatgaag.is005.endo,endo
atatactccaagtcagtg.is005.endo,endo
tgaatttgtgtattggat.is005.endo,endo
gtggtgagtctgctcaat.is005.endo,endo
gtacagccacgcaagcca.is005.endo,endo
tccaagccgatgcttgaa.is005.endo,endo
tcagtggtcctaagatgt.is005.endo,endo
ccgatgtctagcaccttc.is005.endo,endo
gaagggagatgtatccgg.is005.endo,endo
tgttcgagtaaacttgaa.is005.endo,endo
cttacgtgcggtgaggcc.is005.endo,endo
gtacagtgcggttcatca.is005.endo,endo
ctcaatttgctcaggtta.is005.endo,endo
attagtgcgaattgttcg.is003.ecto,ecto
ccacgcgaaatatttggg.is003.ecto,ecto
caagtcaaagaactgtgg.is003.ecto,ecto
agtaaagttaacatatac.is003.ecto,ecto
agcacgggccatcttgaa.is003.ecto,ecto
aagccataccgatgttcg.is003.ecto,ecto
ccgtaacgagcagcttgt.is003.ecto,ecto
aattggcctctacgagca.is003.ecto,ecto
cttgaatccaagcggcgt.is003.ecto,ecto
agtaaagttaaccggtcc.is003.ecto,ecto
actgcatccaaggaaggg.is003.ecto,ecto
cagactgtttcaggacga.is003.ecto,ecto
cggcgtggattggcttgt.is003.ecto,ecto
cttgaatgcggtaacgtg.is003.ecto,ecto
aacgtggggatcgggatc.is003.ecto,ecto
acggaccttacggctgag.is003.ecto,ecto
agacccaacagcgggatc.is003.ecto,ecto
actgcagcttgttttggg.is003.ecto,ecto
ccgatgattagtatgaag.is003.ecto,ecto
acaaggttaagagagctt.is003.ecto,ecto
aaagaaaaagaagccaga.is003.ecto,ecto
attagtgcgaattgttcg.is005.ecto,ecto
ccacgcgaaatatttggg.is005.ecto,ecto
caagtcaaagaactgtgg.is005.ecto,ecto
aagccataccgatgttcg.is005.ecto,ecto
ccgtaacgagcagcttgt.is005.ecto,ecto
ggtaggtcatcaccgatg.is005.ecto,ecto
gtcggccgaaagcgcata.is005.ecto,ecto
agcacgggccatcttgaa.is005.ecto,ecto
tgttcggctccccaagtc.is005.ecto,ecto
agtaaagttaacatatac.is005.ecto,ecto
aattggcctctacgagca.is005.ecto,ecto
cttgaatccaagcggcgt.is005.ecto,ecto
gccgttagatgtccacgc.is005.ecto,ecto
cggcgtggattggcttgt.is005.ecto,ecto
actgcatccaaggaaggg.is005.ecto,ecto
tgctaagaagggcagact.is005.ecto,ecto
ggccattttgggcaaccg.is005.ecto,ecto
agtaaagttaaccggtcc.is005.ecto,ecto
gcgcggtctagctcatca.is005.ecto,ecto
cagactgtttcaggacga.is005.ecto,ecto
tgctaaaattggtcagtg.is005.ecto,ecto
acggaccttacggctgag.is005.ecto,ecto
aaagaaaaagaagccaga.is005.ecto,ecto
ttgctcgctcccaacgtg.is005.ecto,ecto
cggcgtgaggccttggat.is005.ecto,ecto
agacccaacagcgggatc.is005.ecto,ecto
tcgcctgtggtgggacga.is005.ecto,ecto
ccgatgattagtatgaag.is005.ecto,ecto
acaaggttaagagagctt.is005.ecto,ecto
caggaggcgaatcgttat.is005.ecto,ecto
cttgaatgcggtaacgtg.is005.ecto,ecto
agtctggactcgaattgg.is005.ecto,ecto
ggtaggaagtatatatac.is005.ecto,ecto
aacgtggggatcgggatc.is005.ecto,ecto
gctccctttggggaaggg.is005.ecto,ecto
tatttccaaccgtcggga.is005.ecto,ecto
ggccatgcgcgggccaga.is005.ecto,ecto
actgcagcttgttttggg.is005.ecto,ecto
taagctcggcgtgcgaat.is005.ecto,ecto
atactttcgggacctcta.is005.ecto,ecto
ggtgctctattatcatca.is005.ecto,ecto
gactcgagatgtgaaata.is005.ecto,ecto
atccgggggatccttacg.is005.ecto,ecto
gcgcggtcatcaccgtaa.is005.ecto,ecto
catagattaagaagcacg.is005.ecto,ecto
tggcagcggtccactgca.is005.ecto,ecto
atagcgatacttggtgct.is005.ecto,ecto
ttggatttgctcccgatg.is005.ecto,ecto
gaagggcaggagcataga.is005.ecto,ecto
gaaataatacttgtcggc.is005.ecto,ecto
tgctaacaggaggttaac.is005.ecto,ecto
tctagctcgcctggacga.is005.ecto,ecto
gatcaacatagagcgcgg.is005.ecto,ecto
caaccggtttcaaagcca.is005.ecto,ecto
agatgtgatcaaaggtta.is005.ecto,ecto
ctattagtcctagcttgt.is005.ecto,ecto
atagcgcctctatttggg.is005.ecto,ecto
tcgcctgttaaccttgaa.is005.ecto,ecto
cgagcatagaggcgttat.is005.ecto,ecto
ggccatcctctagggatc.is005.ecto,ecto
gcgaattctagcactgca.is005.ecto,ecto
atagcgtgtgtattcgca.is005.ecto,ecto
ctcaatggccatatactt.is005.ecto,ecto
ttgctcgccagaggccat.is005.ecto,ecto
tgctaaaccttcgccaga.is005.ecto,ecto
cgttattgttcgcggtcc.is005.ecto,ecto
gctgagagtctggactcg.is005.ecto,ecto
ggtgctcactgtcagact.is005.ecto,ecto
tcagtgtccaagaagcca.is005.ecto,ecto
gagcttcgcatataagct.is005.ecto,ecto
tctagcacggacaacgtg.is005.ecto,ecto
tagaggcttacgcttacg.is005.ecto,ecto
ctgtggaacagcaagcca.is005.ecto,ecto
taagctgagtgaattagt.is005.ecto,ecto
tccaagggattgacccaa.is005.ecto,ecto
tgaatttgctaaacccaa.is005.ecto,ecto
ggtgcttttgggacccaa.is005.ecto,ecto
atccggtccaagtccaag.is005.ecto,ecto
ctaggtattagttcgcct.is005.ecto,ecto
tcgcctcaaccggttaac.is005.ecto,ecto
gtacagtttgggtgaatt.is005.ecto,ecto
gtcctaacaaggagcacg.is005.ecto,ecto
ttggatcaagtctgaatt.is005.ecto,ecto
gcgaattaataggcgcgg.is005.ecto,ecto
cgttatccacgcgaggcc.is005.ecto,ecto
cctctattggatatagcg.is005.ecto,ecto
tctagccttgaatgctaa.is005.ecto,ecto
tcatcagcgcggtggcag.is005.ecto,ecto
gagtgaacccaacttgaa.is005.ecto,ecto
gtttcacaccacgcgaat.is005.ecto,ecto
caggagctattatagagg.is005.ecto,ecto
aacagcatgaaggttaac.is005.ecto,ecto
ctattacggtccaacgtg.is005.ecto,ecto
tcatcagactcgaacagc.is005.ecto,ecto
cagactggccatatatac.is005.ecto,ecto
gcgaatacaaggtcatca.is005.ecto,ecto
ttgctcgagtgagaggcc.is005.ecto,ecto
ttcttggtggtgcttacg.is005.ecto,ecto
tatttctgagaccggcgt.is005.ecto,ecto
acccaattcttgtaagct.is005.ecto,ecto
attagtgtggtgtcatca.is005.ecto,ecto
tcatcagttaaccgaaag.is005.ecto,ecto
cagactgctccccttgaa.is005.ecto,ecto
tcgcctggacgacactgt.is005.ecto,ecto
tgaattaagtatttaaga.is005.ecto,ecto
taagctactgcactcaat.is005.ecto,ecto
tagaggggtaggtcggga.is005.ecto,ecto
tcatcatcgccttaccga.is005.ecto,ecto
aacagcgaagggtcagtg.is005.ecto,ecto